batch_id,batch_position,paper_id
B001,1,ICLR2025-2158
B001,2,NeurIPS2024-0322
B001,3,ICML2024-1013
B001,4,ICML2024-1168
B001,5,ICLR2025-0595
B001,6,NeurIPS2025-4086
B001,7,CVPR2025-2181
B001,8,ECCV2024-0947
B001,9,ICLR2026-4671
B001,10,ICLR2026-1775
B001,11,CVPR2024-0588
B001,12,ICLR2024-0476
B001,13,ICML2025-0593
B001,14,ECCV2024-2251
B001,15,ICCV2025-0099
B001,16,ICLR2026-0603
B001,17,ICLR2026-2357
B001,18,ICCV2025-2608
B001,19,CVPR2026-2053
B001,20,CVPR2025-1405
B001,21,CVPR2026-1573
B001,22,NeurIPS2024-1003
B001,23,ICML2025-2510
B001,24,CVPR2026-3162
B001,25,ICML2025-2726
B001,26,CVPR2026-0789
B001,27,ICLR2026-4063
B001,28,CVPR2025-0468
B001,29,ICLR2025-2693
B001,30,NeurIPS2025-3052
B001,31,NeurIPS2024-3750
B001,32,NeurIPS2025-1607
B001,33,CVPR2026-3433
B001,34,ICLR2024-2175
B001,35,CVPR2024-1880
B001,36,CVPR2025-2322
B001,37,CVPR2026-2018
B001,38,CVPR2026-3868
B001,39,NeurIPS2024-4283
B001,40,CVPR2024-2334
B001,41,ICCV2025-1773
B001,42,NeurIPS2025-0215
B001,43,ICCV2025-1389
B001,44,CVPR2025-1275
B001,45,ICCV2025-0830
B001,46,ICLR2025-3479
B001,47,NeurIPS2024-2558
B001,48,ICLR2026-3550
B001,49,ICLR2026-0741
B001,50,NeurIPS2024-2916
B001,51,NeurIPS2024-0020
B001,52,CVPR2026-0522
B001,53,ECCV2024-1397
B001,54,ECCV2024-0732
B001,55,CVPR2024-1901
B001,56,CVPR2024-1093
B001,57,NeurIPS2025-2213
B002,1,CVPR2026-2084
B002,2,CVPR2026-0005
B002,3,CVPR2024-1902
B002,4,NeurIPS2024-2578
B002,5,CVPR2026-3325
B002,6,ICLR2024-2253
B002,7,CVPR2026-0639
B002,8,NeurIPS2025-2457
B002,9,CVPR2025-1481
B002,10,NeurIPS2024-2942
B002,11,NeurIPS2025-0382
B002,12,CVPR2024-0876
B002,13,ICCV2025-0953
B002,14,CVPR2025-1668
B002,15,ICML2025-2813
B002,16,CVPR2025-0626
B002,17,ICLR2026-4139
B002,18,CVPR2026-1798
B002,19,NeurIPS2025-1661
B002,20,ICCV2025-2618
B002,21,CVPR2024-1560
B002,22,ECCV2024-2263
B002,23,ICCV2025-1791
B002,24,ICML2025-2578
B002,25,ICLR2026-3725
B002,26,ICLR2024-0651
B002,27,ICML2025-2762
B002,28,CVPR2024-0535
B002,29,ECCV2024-1484
B002,30,ICLR2026-0873
B002,31,ICLR2026-0694
B002,32,ICML2025-0181
B002,33,CVPR2024-2179
B002,34,CVPR2025-0065
B002,35,NeurIPS2025-4192
B002,36,ICLR2026-2610
B002,37,CVPR2025-2584
B002,38,NeurIPS2025-3555
B002,39,ICML2024-1213
B002,40,ICML2024-1239
B002,41,NeurIPS2024-1009
B002,42,CVPR2025-2272
B002,43,CVPR2026-2301
B002,44,ECCV2024-1002
B002,45,CVPR2026-3544
B002,46,ICCV2025-0109
B002,47,ECCV2024-0794
B002,48,ICLR2026-1932
B002,49,ICML2025-0830
B002,50,NeurIPS2024-3897
B002,51,NeurIPS2024-0123
B002,52,ICLR2025-0844
B002,53,CVPR2026-0806
B002,54,ICLR2025-2840
B002,55,NeurIPS2024-0416
B002,56,ICCV2025-1592
B002,57,ICLR2026-5039
B003,1,NeurIPS2024-0423
B003,2,ICCV2025-0526
B003,3,ICML2025-2938
B003,4,CVPR2026-1873
B003,5,CVPR2026-0031
B003,6,CVPR2024-1053
B003,7,ICML2025-0323
B003,8,CVPR2025-1504
B003,9,CVPR2025-2274
B003,10,ICCV2025-1096
B003,11,ICLR2025-3019
B003,12,CVPR2026-3419
B003,13,CVPR2025-1714
B003,14,ECCV2024-1138
B003,15,NeurIPS2024-0246
B003,16,ICML2025-1099
B003,17,NeurIPS2025-1760
B003,18,ICCV2025-1638
B003,19,NeurIPS2025-3401
B003,20,ICML2024-1366
B003,21,CVPR2026-2511
B003,22,ECCV2024-0069
B003,23,ICLR2026-0022
B003,24,ICML2024-1565
B003,25,NeurIPS2025-0641
B003,26,NeurIPS2025-3833
B003,27,ICCV2025-0082
B003,28,CVPR2026-0897
B003,29,CVPR2026-2308
B003,30,ICLR2026-4283
B003,31,NeurIPS2024-3232
B003,32,CVPR2025-0640
B003,33,CVPR2025-0097
B003,34,CVPR2026-0891
B003,35,NeurIPS2025-0965
B003,36,NeurIPS2025-5608
B003,37,ICLR2025-1006
B003,38,NeurIPS2024-4027
B003,39,CVPR2024-2342
B003,40,ICLR2024-1522
B003,41,ICLR2026-1982
B003,42,ECCV2024-1843
B003,43,ICML2025-2680
B003,44,ICCV2025-1940
B003,45,CVPR2024-1666
B003,46,ICLR2026-2156
B003,47,ICLR2026-4502
B003,48,ICLR2026-0948
B003,49,ECCV2024-0932
B003,50,CVPR2026-3584
B003,51,ICLR2026-3224
B003,52,CVPR2024-2406
B003,53,CVPR2024-0704
B003,54,NeurIPS2024-1071
B003,55,NeurIPS2024-2582
B003,56,NeurIPS2025-1367
B003,57,ICLR2025-0522
B004,1,ICCV2025-1691
B004,2,CVPR2026-3667
B004,3,CVPR2026-3330
B004,4,CVPR2025-1775
B004,5,ICML2025-0642
B004,6,NeurIPS2024-3349
B004,7,ICCV2025-0631
B004,8,CVPR2024-0727
B004,9,CVPR2025-1733
B004,10,CVPR2026-0912
B004,11,NeurIPS2025-3455
B004,12,ICLR2026-0171
B004,13,CVPR2025-0668
B004,14,CVPR2025-2295
B004,15,CVPR2025-0200
B004,16,ICML2025-2940
B004,17,ICCV2025-1099
B004,18,ICML2024-1996
B004,19,CVPR2026-2128
B004,20,NeurIPS2025-3840
B004,21,NeurIPS2025-1015
B004,22,ECCV2024-0183
B004,23,ICLR2026-2435
B004,24,ECCV2024-1168
B004,25,NeurIPS2024-0783
B004,26,ICLR2025-1030
B004,27,ECCV2024-0945
B004,28,NeurIPS2025-5700
B004,29,CVPR2024-1737
B004,30,ICLR2026-1070
B004,31,ICCV2025-0096
B004,32,CVPR2026-0075
B004,33,NeurIPS2025-1437
B004,34,ECCV2024-1884
B004,35,CVPR2024-0885
B004,36,NeurIPS2024-2022
B004,37,NeurIPS2024-3363
B004,38,NeurIPS2024-0763
B004,39,CVPR2024-2039
B004,40,CVPR2026-2562
B004,41,CVPR2026-2918
B004,42,NeurIPS2025-1792
B004,43,ICCV2025-1983
B004,44,ICLR2026-4471
B004,45,ICLR2024-0646
B004,46,ICLR2026-2045
B004,47,ICLR2025-3030
B004,48,ICML2025-2719
B004,49,ICLR2024-1807
B004,50,CVPR2026-0881
B004,51,ICLR2026-5277
B004,52,ECCV2024-1144
B004,53,NeurIPS2025-4041
B004,54,ICML2024-2251
B004,55,ICLR2026-3392
B004,56,ICLR2025-0872
B004,57,ICML2025-1121
B005,1,NeurIPS2025-3720
B005,2,ICCV2025-0209
B005,3,ICLR2026-2691
B005,4,ICML2025-0826
B005,5,CVPR2026-2514
B005,6,CVPR2026-0961
B005,7,CVPR2024-2446
B005,8,CVPR2026-3630
B005,9,CVPR2025-1878
B005,10,NeurIPS2025-1018
B005,11,ECCV2024-0858
B005,12,ICLR2026-0763
B005,13,NeurIPS2024-1436
B005,14,CVPR2026-3680
B005,15,ICLR2025-1232
B005,16,NeurIPS2025-4224
B005,17,CVPR2025-0724
B005,18,ICCV2025-2377
B005,19,CVPR2026-2568
B005,20,ICML2025-3117
B005,21,ECCV2024-0213
B005,22,CVPR2024-0028
B005,23,CVPR2026-0111
B005,24,NeurIPS2024-0845
B005,25,NeurIPS2024-0946
B005,26,CVPR2026-0086
B005,27,ICCV2025-2426
B005,28,CVPR2024-1232
B005,29,NeurIPS2024-2123
B005,30,ICLR2025-1177
B005,31,ICLR2026-0228
B005,32,CVPR2025-2497
B005,33,ICML2024-2069
B005,34,NeurIPS2024-3371
B005,35,NeurIPS2025-1835
B005,36,ICLR2026-5125
B005,37,CVPR2024-0973
B005,38,CVPR2025-0470
B005,39,CVPR2026-3426
B005,40,ICLR2024-1355
B005,41,CVPR2024-2231
B005,42,ECCV2024-1591
B005,43,ECCV2024-1636
B005,44,ICML2024-1509
B005,45,CVPR2026-1160
B005,46,ICLR2024-1982
B005,47,CVPR2025-1780
B005,48,NeurIPS2025-1514
B005,49,NeurIPS2024-3616
B005,50,ICCV2025-0703
B005,51,ICLR2025-3136
B005,52,ICML2025-2800
B005,53,ICML2025-1198
B005,54,ICLR2026-2722
B005,55,ICCV2025-1311
B005,56,ECCV2024-1631
B005,57,ICLR2026-1081
B005,58,ICLR2026-3902
B006,1,ICLR2026-5290
B006,2,ICLR2024-1543
B006,3,ICCV2025-1528
B006,4,CVPR2024-1533
B006,5,CVPR2026-2776
B006,6,CVPR2026-3465
B006,7,ICLR2025-3226
B006,8,CVPR2025-0801
B006,9,CVPR2025-2620
B006,10,ICLR2026-1273
B006,11,ICLR2026-0311
B006,12,NeurIPS2024-2388
B006,13,CVPR2026-2519
B006,14,CVPR2026-0185
B006,15,ECCV2024-1752
B006,16,ICLR2026-3294
B006,17,ECCV2024-1083
B006,18,CVPR2026-1021
B006,19,ECCV2024-1943
B006,20,ICLR2025-1551
B006,21,ICCV2025-2463
B006,22,NeurIPS2024-4345
B006,23,CVPR2025-0513
B006,24,NeurIPS2024-1157
B006,25,ICLR2026-0792
B006,26,NeurIPS2024-0258
B006,27,NeurIPS2024-3676
B006,28,CVPR2026-1217
B006,29,NeurIPS2025-4683
B006,30,ICML2025-0864
B006,31,CVPR2024-0094
B006,32,ECCV2024-0096
B006,33,CVPR2026-3694
B006,34,NeurIPS2025-3724
B006,35,CVPR2024-1146
B006,36,ECCV2024-1740
B006,37,ICCV2025-0339
B006,38,ICLR2024-0718
B006,39,NeurIPS2024-2703
B006,40,ICML2025-2816
B006,41,ICLR2026-2705
B006,42,NeurIPS2025-2187
B006,43,ICCV2025-0894
B006,44,ICLR2025-1399
B006,45,NeurIPS2024-1637
B006,46,CVPR2024-0027
B006,47,ICLR2026-3991
B006,48,ICML2025-3251
B006,49,ICML2024-2133
B006,50,CVPR2025-2020
B006,51,ICML2025-1735
B006,52,CVPR2024-2373
B006,53,ECCV2024-0268
B006,54,NeurIPS2025-2173
B006,55,ICML2024-1880
B006,56,CVPR2025-1801
B006,57,CVPR2026-0226
B006,58,NeurIPS2025-1126
B007,1,NeurIPS2025-1159
B007,2,ICML2025-0037
B007,3,ICML2025-2473
B007,4,NeurIPS2025-2547
B007,5,NeurIPS2024-0364
B007,6,ICCV2025-1131
B007,7,CVPR2026-0298
B007,8,CVPR2024-1161
B007,9,CVPR2024-2506
B007,10,ECCV2024-1102
B007,11,ECCV2024-0527
B007,12,ICLR2024-0723
B007,13,ICML2024-0438
B007,14,NeurIPS2025-4946
B007,15,ICLR2026-0392
B007,16,ICLR2025-2660
B007,17,ECCV2024-1991
B007,18,CVPR2025-2785
B007,19,CVPR2026-3467
B007,20,NeurIPS2024-1718
B007,21,CVPR2026-3753
B007,22,ICLR2026-4085
B007,23,ICML2024-2120
B007,24,ICML2025-0988
B007,25,NeurIPS2025-0035
B007,26,CVPR2025-1923
B007,27,ICCV2025-1798
B007,28,CVPR2026-0399
B007,29,CVPR2024-1568
B007,30,ICCV2025-1001
B007,31,CVPR2025-0053
B007,32,ICML2025-3099
B007,33,ICLR2026-3011
B007,34,ECCV2024-0537
B007,35,CVPR2026-1228
B007,36,ICLR2025-1688
B007,37,CVPR2025-0125
B007,38,ICLR2026-3694
B007,39,NeurIPS2025-2601
B007,40,ECCV2024-1778
B007,41,CVPR2026-1033
B007,42,CVPR2024-0112
B007,43,CVPR2025-0824
B007,44,ICML2024-2366
B007,45,ECCV2024-2228
B007,46,NeurIPS2024-2938
B007,47,CVPR2026-2870
B007,48,ICLR2024-1607
B007,49,NeurIPS2024-2307
B007,50,NeurIPS2025-4786
B007,51,CVPR2024-0162
B007,52,CVPR2025-2400
B007,53,ICLR2026-1499
B007,54,NeurIPS2024-4068
B007,55,ICLR2026-0875
B007,56,CVPR2026-2682
B007,57,CVPR2025-1513
B008,1,NeurIPS2025-2692
B008,2,NeurIPS2024-0496
B008,3,ECCV2024-1328
B008,4,ICCV2025-0835
B008,5,ICLR2024-2070
B008,6,NeurIPS2024-2151
B008,7,ICML2025-2864
B008,8,ECCV2024-2022
B008,9,ICLR2026-4174
B008,10,CVPR2025-2860
B008,11,CVPR2025-0258
B008,12,ECCV2024-0564
B008,13,CVPR2024-2604
B008,14,NeurIPS2025-5007
B008,15,ICLR2026-1531
B008,16,NeurIPS2025-0321
B008,17,ICML2024-2233
B008,18,ICML2025-1755
B008,19,CVPR2024-1586
B008,20,NeurIPS2025-4822
B008,21,ICLR2025-2782
B008,22,CVPR2025-1043
B008,23,CVPR2024-0460
B008,24,ICCV2025-1879
B008,25,CVPR2025-2494
B008,26,CVPR2024-1163
B008,27,CVPR2026-1755
B008,28,CVPR2025-1620
B008,29,CVPR2026-1239
B008,30,CVPR2026-3765
B008,31,CVPR2026-3233
B008,32,NeurIPS2025-1218
B008,33,ECCV2024-0580
B008,34,ICML2024-0786
B008,35,ICCV2025-1060
B008,36,ICLR2026-3866
B008,37,NeurIPS2024-3824
B008,38,ICML2024-2373
B008,39,ICLR2024-0193
B008,40,ICLR2026-0558
B008,41,CVPR2025-1552
B008,42,ICML2025-1484
B008,43,NeurIPS2025-2890
B008,44,CVPR2024-0453
B008,45,ICCV2025-2599
B008,46,ICLR2026-3050
B008,47,CVPR2026-2758
B008,48,ICLR2026-1286
B008,49,CVPR2025-1961
B008,50,CVPR2026-0439
B008,51,ICLR2024-0249
B008,52,NeurIPS2024-3014
B008,53,NeurIPS2024-1852
B008,54,CVPR2026-3561
B008,55,ICLR2024-1971
B008,56,CVPR2026-0405
B008,57,ICLR2025-2653
B009,1,CVPR2025-2085
B009,2,CVPR2026-3257
B009,3,CVPR2025-2002
B009,4,ICCV2025-2643
B009,5,ICML2025-1579
B009,6,NeurIPS2024-3078
B009,7,ICLR2026-3142
B009,8,ICML2024-0456
B009,9,CVPR2025-1141
B009,10,CVPR2024-0504
B009,11,NeurIPS2024-1884
B009,12,CVPR2025-0370
B009,13,ICLR2025-1758
B009,14,ICML2024-0876
B009,15,ICLR2025-3346
B009,16,ICCV2025-1066
B009,17,ICML2024-2598
B009,18,ICCV2025-0889
B009,19,ICLR2024-0272
B009,20,CVPR2024-1218
B009,21,ECCV2024-0029
B009,22,ICLR2024-2088
B009,23,ICLR2026-1742
B009,24,CVPR2026-0479
B009,25,ICLR2024-1097
B009,26,ICLR2026-3937
B009,27,ICLR2026-0674
B009,28,NeurIPS2025-1351
B009,29,NeurIPS2024-2249
B009,30,CVPR2026-2929
B009,31,NeurIPS2025-5098
B009,32,NeurIPS2025-2897
B009,33,CVPR2026-1312
B009,34,ICML2025-2941
B009,35,CVPR2025-2047
B009,36,ICLR2026-4202
B009,37,NeurIPS2025-2978
B009,38,CVPR2025-2862
B009,39,CVPR2025-1060
B009,40,ECCV2024-0606
B009,41,NeurIPS2025-1061
B009,42,ECCV2024-2318
B009,43,CVPR2026-3801
B009,44,NeurIPS2025-5316
B009,45,CVPR2026-1935
B009,46,ECCV2024-1094
B009,47,ECCV2024-1361
B009,48,CVPR2024-0529
B009,49,NeurIPS2024-0539
B009,50,CVPR2024-1718
B009,51,ICML2024-2410
B009,52,NeurIPS2024-3830
B009,53,ICLR2026-1722
B009,54,CVPR2026-0516
B009,55,ICCV2025-1894
B009,56,ICML2025-2341
B009,57,CVPR2026-4013
B010,1,ICML2025-1843
B010,2,ICML2025-0072
B010,3,CVPR2026-3157
B010,4,CVPR2025-1096
B010,5,ICML2024-0819
B010,6,ICLR2025-0145
B010,7,CVPR2026-3931
B010,8,ICML2025-3218
B010,9,ICML2025-2505
B010,10,NeurIPS2024-0675
B010,11,CVPR2026-1824
B010,12,ICLR2026-4249
B010,13,NeurIPS2025-5334
B010,14,NeurIPS2024-2835
B010,15,ICLR2026-2083
B010,16,CVPR2025-1295
B010,17,NeurIPS2024-3193
B010,18,NeurIPS2024-4091
B010,19,CVPR2025-2074
B010,20,ICLR2026-2262
B010,21,ECCV2024-2092
B010,22,CVPR2024-2319
B010,23,NeurIPS2025-5157
B010,24,ECCV2024-0903
B010,25,NeurIPS2025-5431
B010,26,ICLR2024-0730
B010,27,ICCV2025-1538
B010,28,CVPR2026-0662
B010,29,NeurIPS2025-3390
B010,30,ICLR2026-3533
B010,31,ICCV2025-2555
B010,32,CVPR2024-0940
B010,33,CVPR2025-2098
B010,34,ICCV2025-1790
B010,35,CVPR2026-3529
B010,36,CVPR2024-1062
B010,37,ICLR2025-2657
B010,38,ICML2024-0803
B010,39,ICML2024-0917
B010,40,ICCV2025-1338
B010,41,NeurIPS2025-1206
B010,42,CVPR2024-2250
B010,43,ECCV2024-1737
B010,44,NeurIPS2025-3016
B010,45,ICCV2025-0081
B010,46,CVPR2026-2221
B010,47,ICML2024-2461
B010,48,ICLR2026-0214
B010,49,ICLR2026-4592
B010,50,NeurIPS2025-1577
B010,51,ICCV2025-0738
B010,52,CVPR2025-0404
B010,53,ICLR2026-0944
B010,54,NeurIPS2024-0287
B010,55,ECCV2024-0927
B010,56,CVPR2026-0586
B010,57,NeurIPS2024-2003
